{"stats":{"minecraft:picked_up":{"minecraft:birch_log":6,"minecraft:seagrass":1,"minecraft:crafting_table":2,"minecraft:cooked_beef":1,"minecraft:andesite":5,"minecraft:leather":1,"minecraft:flint":1,"minecraft:gunpowder":1,"minecraft:lapis_lazuli":49,"minecraft:dirt":43,"minecraft:string":30,"minecraft:raw_copper":43,"minecraft:wheat_seeds":2,"minecraft:cobbled_deepslate":32,"minecraft:raw_gold":15,"minecraft:beef":10,"minecraft:iron_pickaxe":1,"minecraft:furnace":1,"minecraft:raw_iron":55,"minecraft:torch":1,"minecraft:porkchop":6,"minecraft:diorite":2,"minecraft:carrot":1,"minecraft:redstone":36,"minecraft:spider_eye":4,"minecraft:stone_sword":2,"minecraft:arrow":3,"minecraft:rotten_flesh":7,"minecraft:diamond":32,"minecraft:coal":65,"minecraft:cobblestone":77},"minecraft:used":{"minecraft:stone_sword":137,"minecraft:stone_pickaxe":101,"minecraft:wooden_pickaxe":50,"minecraft:iron_sword":27,"minecraft:wooden_shovel":10,"minecraft:torch":1,"minecraft:golden_apple":1,"minecraft:dirt":9,"minecraft:crafting_table":2,"minecraft:iron_pickaxe":134,"minecraft:stone_axe":8,"minecraft:cobblestone":59,"minecraft:furnace":1,"minecraft:cooked_beef":5},"minecraft:custom":{"minecraft:interact_with_furnace":16,"minecraft:mob_kills":32,"minecraft:interact_with_crafting_table":6,"minecraft:time_since_death":3569,"minecraft:time_since_rest":3602,"minecraft:sprint_one_cm":222001,"minecraft:damage_absorbed":40,"minecraft:damage_taken":6353,"minecraft:walk_one_cm":117715,"minecraft:drop":8,"minecraft:damage_dealt":5762,"minecraft:swim_one_cm":2948,"minecraft:fly_one_cm":220097,"minecraft:crouch_one_cm":9010,"minecraft:play_time":59331,"minecraft:deaths":20,"minecraft:sneak_time":3809,"minecraft:walk_under_water_one_cm":1252,"minecraft:jump":1161,"minecraft:walk_on_water_one_cm":5322,"minecraft:total_world_time":59331,"minecraft:fall_one_cm":49254},"minecraft:mined":{"minecraft:deepslate_redstone_ore":8,"minecraft:deepslate_diamond_ore":31,"minecraft:crafting_table":2,"minecraft:short_grass":4,"minecraft:grass_block":2,"minecraft:cobblestone":4,"minecraft:copper_ore":14,"minecraft:deepslate_gold_ore":15,"minecraft:lapis_ore":7,"minecraft:diorite":2,"minecraft:spawner":1,"minecraft:birch_log":6,"minecraft:iron_ore":47,"minecraft:andesite":5,"minecraft:birch_leaves":1,"minecraft:coal_ore":64,"minecraft:deepslate_iron_ore":8,"minecraft:dirt":8,"minecraft:cobweb":14,"minecraft:stone":61,"minecraft:deepslate":18,"minecraft:fern":2},"minecraft:crafted":{"minecraft:cooked_beef":5,"minecraft:wooden_shovel":1,"minecraft:crafting_table":1,"minecraft:wooden_pickaxe":1,"minecraft:iron_sword":1,"minecraft:furnace":1,"minecraft:birch_planks":24,"minecraft:stone_axe":1,"minecraft:air":0,"minecraft:stick":20,"minecraft:iron_ingot":3,"minecraft:iron_pickaxe":1,"minecraft:stone_pickaxe":1,"minecraft:stone_sword":2,"minecraft:torch":16},"minecraft:dropped":{"minecraft:furnace":1,"minecraft:cooked_beef":1,"minecraft:stone_sword":3,"minecraft:diamond":1,"minecraft:wooden_shovel":1,"minecraft:iron_pickaxe":1},"minecraft:broken":{"minecraft:stone_sword":1},"minecraft:killed":{"minecraft:cave_spider":6,"minecraft:pig":2,"minecraft:spider":3,"minecraft:bat":1,"minecraft:creeper":1,"minecraft:skeleton":1,"minecraft:zombie":11,"minecraft:turtle":2,"minecraft:cow":4},"minecraft:killed_by":{"minecraft:cave_spider":1,"minecraft:skeleton":3,"minecraft:creeper":4,"minecraft:zombie":9}},"DataVersion":3953}