{"stats":{"minecraft:picked_up":{"minecraft:birch_log":6,"minecraft:seagrass":1,"minecraft:crafting_table":2,"minecraft:cooked_beef":1,"minecraft:glow_ink_sac":2,"minecraft:andesite":8,"minecraft:leather":1,"minecraft:flint":1,"minecraft:gunpowder":1,"minecraft:lapis_lazuli":49,"minecraft:dirt":45,"minecraft:string":31,"minecraft:moss_carpet":1,"minecraft:raw_copper":43,"minecraft:wheat_seeds":2,"minecraft:cobbled_deepslate":47,"minecraft:raw_gold":32,"minecraft:beef":10,"minecraft:iron_pickaxe":1,"minecraft:flowering_azalea":2,"minecraft:furnace":1,"minecraft:raw_iron":67,"minecraft:torch":1,"minecraft:gravel":1,"minecraft:porkchop":6,"minecraft:diorite":2,"minecraft:carrot":1,"minecraft:redstone":36,"minecraft:spider_eye":4,"minecraft:stone_sword":2,"minecraft:arrow":3,"minecraft:rotten_flesh":7,"minecraft:diamond":44,"minecraft:coal":65,"minecraft:cobblestone":123},"minecraft:used":{"minecraft:stone_sword":137,"minecraft:stone_pickaxe":131,"minecraft:wooden_pickaxe":50,"minecraft:iron_sword":37,"minecraft:wooden_shovel":10,"minecraft:torch":1,"minecraft:golden_apple":1,"minecraft:dirt":34,"minecraft:crafting_table":2,"minecraft:iron_pickaxe":212,"minecraft:stone_axe":12,"minecraft:cobblestone":68,"minecraft:furnace":1,"minecraft:cooked_beef":5},"minecraft:custom":{"minecraft:interact_with_furnace":16,"minecraft:mob_kills":35,"minecraft:interact_with_crafting_table":6,"minecraft:time_since_death":802,"minecraft:time_since_rest":830,"minecraft:sprint_one_cm":266714,"minecraft:damage_absorbed":40,"minecraft:damage_taken":7608,"minecraft:walk_one_cm":134423,"minecraft:drop":11,"minecraft:damage_dealt":6162,"minecraft:swim_one_cm":9471,"minecraft:fly_one_cm":263377,"minecraft:crouch_one_cm":14763,"minecraft:play_time":71331,"minecraft:deaths":25,"minecraft:sneak_time":6138,"minecraft:walk_under_water_one_cm":2175,"minecraft:jump":1410,"minecraft:walk_on_water_one_cm":20031,"minecraft:total_world_time":71331,"minecraft:fall_one_cm":62768},"minecraft:mined":{"minecraft:deepslate_redstone_ore":8,"minecraft:flowering_azalea":3,"minecraft:deepslate_diamond_ore":43,"minecraft:crafting_table":2,"minecraft:short_grass":4,"minecraft:grass_block":2,"minecraft:cobblestone":5,"minecraft:copper_ore":14,"minecraft:deepslate_gold_ore":32,"minecraft:lapis_ore":7,"minecraft:diorite":2,"minecraft:spawner":1,"minecraft:birch_log":6,"minecraft:iron_ore":59,"minecraft:andesite":8,"minecraft:birch_leaves":1,"minecraft:moss_carpet":1,"minecraft:coal_ore":64,"minecraft:deepslate_iron_ore":9,"minecraft:gravel":1,"minecraft:dirt":8,"minecraft:cobweb":15,"minecraft:stone":107,"minecraft:deepslate":33,"minecraft:fern":2},"minecraft:crafted":{"minecraft:cooked_beef":5,"minecraft:wooden_shovel":1,"minecraft:crafting_table":1,"minecraft:wooden_pickaxe":1,"minecraft:iron_sword":1,"minecraft:furnace":1,"minecraft:birch_planks":24,"minecraft:stone_axe":1,"minecraft:air":0,"minecraft:stick":20,"minecraft:iron_ingot":3,"minecraft:iron_pickaxe":1,"minecraft:stone_pickaxe":1,"minecraft:stone_sword":2,"minecraft:torch":16},"minecraft:dropped":{"minecraft:gravel":1,"minecraft:furnace":1,"minecraft:moss_carpet":1,"minecraft:wheat_seeds":2,"minecraft:cooked_beef":1,"minecraft:stone_sword":3,"minecraft:diamond":1,"minecraft:wooden_shovel":1,"minecraft:iron_pickaxe":1},"minecraft:killed":{"minecraft:cave_spider":6,"minecraft:pig":2,"minecraft:spider":3,"minecraft:bat":1,"minecraft:creeper":1,"minecraft:skeleton":1,"minecraft:zombie":12,"minecraft:glow_squid":2,"minecraft:turtle":2,"minecraft:cow":4},"minecraft:broken":{"minecraft:stone_pickaxe":1,"minecraft:stone_sword":1},"minecraft:killed_by":{"minecraft:cave_spider":1,"minecraft:skeleton":5,"minecraft:creeper":6,"minecraft:zombie":9}},"DataVersion":3953}