{"stats":{"minecraft:picked_up":{"minecraft:birch_log":6,"minecraft:crafting_table":1,"minecraft:stone_sword":2,"minecraft:coal":22,"minecraft:dirt":10,"minecraft:cobblestone":29},"minecraft:used":{"minecraft:stone_axe":1,"minecraft:crafting_table":1,"minecraft:wooden_pickaxe":50,"minecraft:wooden_shovel":10},"minecraft:custom":{"minecraft:time_since_rest":11331,"minecraft:play_time":11331,"minecraft:sprint_one_cm":8418,"minecraft:damage_taken":10,"minecraft:walk_one_cm":14182,"minecraft:drop":3,"minecraft:jump":64,"minecraft:time_since_death":11331,"minecraft:total_world_time":11331,"minecraft:fall_one_cm":1914,"minecraft:interact_with_crafting_table":3,"minecraft:fly_one_cm":9227},"minecraft:mined":{"minecraft:grass_block":2,"minecraft:coal_ore":22,"minecraft:dirt":8,"minecraft:birch_log":6,"minecraft:stone":28,"minecraft:birch_leaves":1,"minecraft:crafting_table":1},"minecraft:crafted":{"minecraft:stone_sword":2,"minecraft:furnace":1,"minecraft:wooden_shovel":1,"minecraft:torch":16,"minecraft:birch_planks":24,"minecraft:stone_axe":1,"minecraft:crafting_table":1,"minecraft:stick":16,"minecraft:stone_pickaxe":1,"minecraft:wooden_pickaxe":1},"minecraft:dropped":{"minecraft:stone_sword":3}},"DataVersion":3953}