{"stats":{"minecraft:picked_up":{"minecraft:birch_log":6,"minecraft:crafting_table":1,"minecraft:raw_iron":35,"minecraft:carrot":1,"minecraft:string":4,"minecraft:redstone":36,"minecraft:dirt":10,"minecraft:stone_sword":2,"minecraft:arrow":2,"minecraft:rotten_flesh":6,"minecraft:diamond":32,"minecraft:cobbled_deepslate":31,"minecraft:raw_gold":8,"minecraft:iron_pickaxe":1,"minecraft:coal":48,"minecraft:cobblestone":46,"minecraft:furnace":1},"minecraft:used":{"minecraft:stone_sword":72,"minecraft:stone_pickaxe":65,"minecraft:iron_pickaxe":66,"minecraft:wooden_pickaxe":50,"minecraft:wooden_shovel":10,"minecraft:stone_axe":1,"minecraft:dirt":2,"minecraft:cobblestone":15,"minecraft:crafting_table":1,"minecraft:furnace":1},"minecraft:custom":{"minecraft:time_since_rest":153,"minecraft:interact_with_furnace":4,"minecraft:sprint_one_cm":100687,"minecraft:damage_taken":4016,"minecraft:walk_one_cm":63479,"minecraft:mob_kills":14,"minecraft:drop":6,"minecraft:damage_dealt":2670,"minecraft:interact_with_crafting_table":4,"minecraft:fly_one_cm":135081,"minecraft:crouch_one_cm":4282,"minecraft:deaths":15,"minecraft:play_time":35331,"minecraft:sneak_time":1933,"minecraft:jump":681,"minecraft:time_since_death":126,"minecraft:walk_on_water_one_cm":1713,"minecraft:total_world_time":35331,"minecraft:fall_one_cm":24758},"minecraft:crafted":{"minecraft:wooden_shovel":1,"minecraft:crafting_table":1,"minecraft:stick":16,"minecraft:iron_pickaxe":1,"minecraft:iron_ingot":3,"minecraft:wooden_pickaxe":1,"minecraft:stone_pickaxe":1,"minecraft:stone_sword":2,"minecraft:furnace":1,"minecraft:torch":16,"minecraft:birch_planks":24,"minecraft:stone_axe":1,"minecraft:air":0},"minecraft:mined":{"minecraft:deepslate_redstone_ore":8,"minecraft:deepslate_diamond_ore":31,"minecraft:birch_log":6,"minecraft:iron_ore":27,"minecraft:birch_leaves":1,"minecraft:crafting_table":1,"minecraft:grass_block":2,"minecraft:coal_ore":47,"minecraft:deepslate_iron_ore":8,"minecraft:dirt":8,"minecraft:deepslate_gold_ore":8,"minecraft:stone":35,"minecraft:deepslate":17},"minecraft:dropped":{"minecraft:furnace":1,"minecraft:stone_sword":3,"minecraft:diamond":1,"minecraft:iron_pickaxe":1},"minecraft:killed":{"minecraft:skeleton":1,"minecraft:zombie":10,"minecraft:spider":3},"minecraft:killed_by":{"minecraft:skeleton":3,"minecraft:creeper":3,"minecraft:zombie":8}},"DataVersion":3953}