{"stats":{"minecraft:picked_up":{"minecraft:birch_log":6,"minecraft:crafting_table":2,"minecraft:leather":1,"minecraft:flint":1,"minecraft:gunpowder":1,"minecraft:lapis_lazuli":49,"minecraft:dirt":43,"minecraft:string":4,"minecraft:raw_copper":43,"minecraft:wheat_seeds":2,"minecraft:cobbled_deepslate":32,"minecraft:raw_gold":15,"minecraft:beef":10,"minecraft:iron_pickaxe":1,"minecraft:furnace":1,"minecraft:raw_iron":46,"minecraft:porkchop":6,"minecraft:diorite":2,"minecraft:carrot":1,"minecraft:redstone":36,"minecraft:stone_sword":2,"minecraft:arrow":3,"minecraft:rotten_flesh":7,"minecraft:diamond":32,"minecraft:coal":48,"minecraft:cobblestone":56},"minecraft:used":{"minecraft:stone_sword":107,"minecraft:stone_pickaxe":66,"minecraft:wooden_pickaxe":50,"minecraft:wooden_shovel":10,"minecraft:dirt":3,"minecraft:crafting_table":1,"minecraft:iron_pickaxe":117,"minecraft:stone_axe":2,"minecraft:cobblestone":16,"minecraft:furnace":1,"minecraft:cooked_beef":2},"minecraft:custom":{"minecraft:interact_with_furnace":14,"minecraft:mob_kills":22,"minecraft:interact_with_crafting_table":5,"minecraft:time_since_death":8042,"minecraft:time_since_rest":8066,"minecraft:sprint_one_cm":156577,"minecraft:damage_taken":4983,"minecraft:walk_one_cm":88047,"minecraft:drop":7,"minecraft:damage_dealt":3889,"minecraft:swim_one_cm":2051,"minecraft:fly_one_cm":210014,"minecraft:crouch_one_cm":6485,"minecraft:play_time":47331,"minecraft:deaths":17,"minecraft:sneak_time":2760,"minecraft:walk_under_water_one_cm":893,"minecraft:jump":1038,"minecraft:walk_on_water_one_cm":2911,"minecraft:total_world_time":47331,"minecraft:fall_one_cm":41765},"minecraft:mined":{"minecraft:deepslate_redstone_ore":8,"minecraft:deepslate_diamond_ore":31,"minecraft:crafting_table":2,"minecraft:short_grass":4,"minecraft:grass_block":2,"minecraft:copper_ore":14,"minecraft:deepslate_gold_ore":15,"minecraft:lapis_ore":7,"minecraft:diorite":2,"minecraft:birch_log":6,"minecraft:iron_ore":38,"minecraft:birch_leaves":1,"minecraft:coal_ore":47,"minecraft:deepslate_iron_ore":8,"minecraft:dirt":8,"minecraft:stone":45,"minecraft:deepslate":18,"minecraft:fern":2},"minecraft:crafted":{"minecraft:cooked_beef":3,"minecraft:wooden_shovel":1,"minecraft:crafting_table":1,"minecraft:wooden_pickaxe":1,"minecraft:furnace":1,"minecraft:birch_planks":24,"minecraft:stone_axe":1,"minecraft:air":0,"minecraft:stick":16,"minecraft:iron_ingot":3,"minecraft:iron_pickaxe":1,"minecraft:stone_pickaxe":1,"minecraft:stone_sword":2,"minecraft:torch":16},"minecraft:dropped":{"minecraft:furnace":1,"minecraft:cooked_beef":1,"minecraft:stone_sword":3,"minecraft:diamond":1,"minecraft:iron_pickaxe":1},"minecraft:killed":{"minecraft:pig":2,"minecraft:spider":3,"minecraft:skeleton":1,"minecraft:zombie":11,"minecraft:cow":4},"minecraft:killed_by":{"minecraft:skeleton":3,"minecraft:creeper":4,"minecraft:zombie":9}},"DataVersion":3953}