{"stats":{"minecraft:picked_up":{"minecraft:birch_log":6,"minecraft:seagrass":1,"minecraft:crafting_table":2,"minecraft:cooked_beef":1,"minecraft:glow_ink_sac":2,"minecraft:andesite":8,"minecraft:leather":1,"minecraft:flint":1,"minecraft:gunpowder":1,"minecraft:lapis_lazuli":49,"minecraft:dirt":45,"minecraft:string":31,"minecraft:moss_carpet":1,"minecraft:raw_copper":43,"minecraft:bone":2,"minecraft:wheat_seeds":3,"minecraft:cobbled_deepslate":50,"minecraft:raw_gold":32,"minecraft:beef":10,"minecraft:iron_pickaxe":1,"minecraft:melon_slice":62,"minecraft:flowering_azalea":2,"minecraft:furnace":1,"minecraft:raw_iron":67,"minecraft:torch":1,"minecraft:gravel":1,"minecraft:porkchop":15,"minecraft:diorite":2,"minecraft:carrot":1,"minecraft:redstone":36,"minecraft:spider_eye":4,"minecraft:stone_sword":2,"minecraft:arrow":5,"minecraft:rotten_flesh":7,"minecraft:diamond":64,"minecraft:coal":65,"minecraft:cobblestone":123},"minecraft:used":{"minecraft:stone_sword":137,"minecraft:stone_pickaxe":131,"minecraft:wooden_pickaxe":50,"minecraft:iron_sword":44,"minecraft:wooden_shovel":10,"minecraft:torch":2,"minecraft:golden_apple":1,"minecraft:dirt":45,"minecraft:crafting_table":2,"minecraft:melon_slice":10,"minecraft:iron_pickaxe":235,"minecraft:stone_axe":45,"minecraft:cobblestone":105,"minecraft:furnace":1,"minecraft:cooked_beef":5,"minecraft:cobbled_deepslate":46},"minecraft:custom":{"minecraft:interact_with_furnace":16,"minecraft:mob_kills":40,"minecraft:interact_with_crafting_table":6,"minecraft:time_since_death":19514,"minecraft:climb_one_cm":486,"minecraft:time_since_rest":19544,"minecraft:sprint_one_cm":314205,"minecraft:damage_absorbed":40,"minecraft:damage_taken":8038,"minecraft:walk_one_cm":152690,"minecraft:drop":14,"minecraft:damage_dealt":6767,"minecraft:swim_one_cm":15452,"minecraft:fly_one_cm":368395,"minecraft:crouch_one_cm":17436,"minecraft:play_time":95331,"minecraft:deaths":26,"minecraft:sneak_time":7868,"minecraft:walk_under_water_one_cm":3326,"minecraft:jump":1871,"minecraft:walk_on_water_one_cm":25048,"minecraft:total_world_time":95331,"minecraft:fall_one_cm":77084},"minecraft:mined":{"minecraft:deepslate_redstone_ore":8,"minecraft:flowering_azalea":3,"minecraft:deepslate_diamond_ore":63,"minecraft:jungle_leaves":1,"minecraft:crafting_table":2,"minecraft:short_grass":14,"minecraft:melon":13,"minecraft:grass_block":2,"minecraft:tall_grass":1,"minecraft:cobblestone":5,"minecraft:copper_ore":14,"minecraft:deepslate_gold_ore":32,"minecraft:lapis_ore":7,"minecraft:diorite":2,"minecraft:spawner":1,"minecraft:birch_log":6,"minecraft:iron_ore":59,"minecraft:andesite":8,"minecraft:birch_leaves":1,"minecraft:moss_carpet":1,"minecraft:vine":1,"minecraft:coal_ore":64,"minecraft:deepslate_iron_ore":9,"minecraft:gravel":1,"minecraft:dirt":8,"minecraft:cobweb":15,"minecraft:azalea":1,"minecraft:stone":107,"minecraft:deepslate":36,"minecraft:fern":5},"minecraft:crafted":{"minecraft:cooked_beef":5,"minecraft:wooden_shovel":1,"minecraft:crafting_table":1,"minecraft:wooden_pickaxe":1,"minecraft:iron_sword":1,"minecraft:furnace":1,"minecraft:birch_planks":24,"minecraft:stone_axe":1,"minecraft:air":0,"minecraft:white_wool":6,"minecraft:stick":20,"minecraft:iron_ingot":3,"minecraft:iron_pickaxe":1,"minecraft:stone_pickaxe":1,"minecraft:stone_sword":2,"minecraft:torch":16},"minecraft:dropped":{"minecraft:gravel":1,"minecraft:furnace":1,"minecraft:moss_carpet":1,"minecraft:wheat_seeds":2,"minecraft:cooked_beef":1,"minecraft:stone_sword":3,"minecraft:diamond":1,"minecraft:stick":3,"minecraft:wooden_shovel":1,"minecraft:spider_eye":4,"minecraft:wooden_pickaxe":1,"minecraft:iron_pickaxe":1},"minecraft:killed":{"minecraft:cave_spider":6,"minecraft:pig":6,"minecraft:spider":3,"minecraft:bat":1,"minecraft:creeper":1,"minecraft:skeleton":2,"minecraft:zombie":12,"minecraft:glow_squid":2,"minecraft:turtle":2,"minecraft:cow":4},"minecraft:broken":{"minecraft:stone_pickaxe":1,"minecraft:stone_sword":1},"minecraft:killed_by":{"minecraft:cave_spider":1,"minecraft:skeleton":6,"minecraft:creeper":6,"minecraft:zombie":9}},"DataVersion":3953}