{"stats":{"minecraft:picked_up":{"minecraft:birch_log":6,"minecraft:crafting_table":1,"minecraft:raw_iron":33,"minecraft:carrot":1,"minecraft:redstone":5,"minecraft:dirt":10,"minecraft:stone_sword":2,"minecraft:rotten_flesh":1,"minecraft:diamond":1,"minecraft:cobbled_deepslate":1,"minecraft:raw_gold":3,"minecraft:coal":48,"minecraft:cobblestone":46,"minecraft:furnace":1},"minecraft:used":{"minecraft:stone_sword":25,"minecraft:stone_pickaxe":65,"minecraft:iron_pickaxe":6,"minecraft:wooden_pickaxe":50,"minecraft:wooden_shovel":10,"minecraft:stone_axe":1,"minecraft:crafting_table":1,"minecraft:furnace":1},"minecraft:custom":{"minecraft:time_since_rest":428,"minecraft:interact_with_furnace":4,"minecraft:sprint_one_cm":43975,"minecraft:damage_taken":1271,"minecraft:walk_one_cm":37255,"minecraft:mob_kills":4,"minecraft:drop":4,"minecraft:damage_dealt":788,"minecraft:interact_with_crafting_table":4,"minecraft:fly_one_cm":53699,"minecraft:crouch_one_cm":1654,"minecraft:deaths":5,"minecraft:play_time":23331,"minecraft:sneak_time":722,"minecraft:jump":331,"minecraft:time_since_death":139,"minecraft:walk_on_water_one_cm":1455,"minecraft:total_world_time":23331,"minecraft:fall_one_cm":13162},"minecraft:crafted":{"minecraft:wooden_shovel":1,"minecraft:crafting_table":1,"minecraft:stick":16,"minecraft:iron_pickaxe":1,"minecraft:iron_ingot":3,"minecraft:wooden_pickaxe":1,"minecraft:stone_pickaxe":1,"minecraft:stone_sword":2,"minecraft:furnace":1,"minecraft:torch":16,"minecraft:birch_planks":24,"minecraft:stone_axe":1,"minecraft:air":0},"minecraft:mined":{"minecraft:deepslate_redstone_ore":1,"minecraft:deepslate_diamond_ore":1,"minecraft:birch_log":6,"minecraft:iron_ore":27,"minecraft:birch_leaves":1,"minecraft:crafting_table":1,"minecraft:grass_block":2,"minecraft:coal_ore":47,"minecraft:deepslate_iron_ore":6,"minecraft:dirt":8,"minecraft:deepslate_gold_ore":3,"minecraft:stone":35,"minecraft:deepslate":1},"minecraft:dropped":{"minecraft:furnace":1,"minecraft:stone_sword":3},"minecraft:killed":{"minecraft:zombie":4},"minecraft:killed_by":{"minecraft:zombie":4}},"DataVersion":3953}