{"stats":{"minecraft:picked_up":{"minecraft:birch_log":6,"minecraft:stick":1,"minecraft:raw_iron":11,"minecraft:torch":2,"minecraft:gravel":6,"minecraft:string":1,"minecraft:dirt":2,"minecraft:stone_sword":1,"minecraft:coal":45,"minecraft:cobblestone":41},"minecraft:used":{"minecraft:stone_sword":22,"minecraft:stone_pickaxe":43,"minecraft:wooden_pickaxe":58,"minecraft:gravel":3,"minecraft:torch":22,"minecraft:dirt":1,"minecraft:cobblestone":4,"minecraft:crafting_table":1},"minecraft:custom":{"minecraft:time_since_rest":5485,"minecraft:sprint_one_cm":16115,"minecraft:damage_taken":792,"minecraft:walk_one_cm":58529,"minecraft:mob_kills":3,"minecraft:damage_dealt":622,"minecraft:interact_with_crafting_table":3,"minecraft:fly_one_cm":11384,"minecraft:crouch_one_cm":488,"minecraft:play_time":18659,"minecraft:deaths":2,"minecraft:sneak_time":262,"minecraft:jump":148,"minecraft:walk_on_water_one_cm":189,"minecraft:time_since_death":5455,"minecraft:total_world_time":18659,"minecraft:fall_one_cm":4037},"minecraft:crafted":{"minecraft:crafting_table":1,"minecraft:stick":8,"minecraft:wooden_pickaxe":1,"minecraft:stone_pickaxe":1,"minecraft:birch_planks":24,"minecraft:torch":20},"minecraft:mined":{"minecraft:birch_log":6,"minecraft:iron_ore":11,"minecraft:torch":2,"minecraft:coal_ore":46,"minecraft:grass_block":1,"minecraft:gravel":6,"minecraft:dirt":1,"minecraft:cobblestone":2,"minecraft:stone":41},"minecraft:killed":{"minecraft:zombie":2,"minecraft:spider":1},"minecraft:killed_by":{"minecraft:zombie":2}},"DataVersion":3953}