{"stats":{"minecraft:picked_up":{"minecraft:birch_log":6,"minecraft:cocoa_beans":6,"minecraft:crafting_table":3,"minecraft:chicken":2,"minecraft:leather":2,"minecraft:oak_log":2,"minecraft:dirt":4,"minecraft:string":5,"minecraft:bone":2,"minecraft:wheat_seeds":1,"minecraft:cobbled_deepslate":16,"minecraft:beef":4,"minecraft:wooden_shovel":1,"minecraft:bamboo":3,"minecraft:melon_slice":49,"minecraft:moss_block":1,"minecraft:oak_planks":1,"minecraft:furnace":4,"minecraft:stick":1,"minecraft:raw_iron":47,"minecraft:big_dripleaf":2,"minecraft:torch":20,"minecraft:porkchop":4,"minecraft:gravel":8,"minecraft:sand":2,"minecraft:redstone":2,"minecraft:spider_eye":5,"minecraft:stone_sword":1,"minecraft:arrow":2,"minecraft:rotten_flesh":2,"minecraft:diamond":2,"minecraft:coal":144,"minecraft:rail":1,"minecraft:cobblestone":58,"minecraft:ender_pearl":1},"minecraft:used":{"minecraft:stone_sword":93,"minecraft:birch_planks":1,"minecraft:stone_pickaxe":139,"minecraft:oak_planks":1,"minecraft:wooden_pickaxe":59,"minecraft:iron_sword":44,"minecraft:cooked_chicken":2,"minecraft:rotten_flesh":2,"minecraft:torch":116,"minecraft:dirt":4,"minecraft:sand":2,"minecraft:rail":1,"minecraft:crafting_table":4,"minecraft:melon_slice":5,"minecraft:iron_pickaxe":13,"minecraft:gravel":8,"minecraft:cobblestone":52,"minecraft:furnace":3,"minecraft:porkchop":2,"minecraft:cooked_beef":9,"minecraft:cobbled_deepslate":16,"minecraft:iron_leggings":1},"minecraft:custom":{"minecraft:interact_with_furnace":19,"minecraft:mob_kills":24,"minecraft:interact_with_crafting_table":8,"minecraft:time_since_death":39895,"minecraft:climb_one_cm":850,"minecraft:time_since_rest":39976,"minecraft:sprint_one_cm":139065,"minecraft:damage_taken":3906,"minecraft:walk_one_cm":234691,"minecraft:drop":2,"minecraft:damage_dealt":4053,"minecraft:fly_one_cm":160150,"minecraft:crouch_one_cm":7358,"minecraft:play_time":90659,"minecraft:deaths":10,"minecraft:sneak_time":3531,"minecraft:walk_under_water_one_cm":2671,"minecraft:jump":992,"minecraft:walk_on_water_one_cm":22236,"minecraft:total_world_time":90659,"minecraft:fall_one_cm":19937},"minecraft:mined":{"minecraft:crafting_table":3,"minecraft:torch":12,"minecraft:short_grass":8,"minecraft:grass_block":3,"minecraft:melon":9,"minecraft:cobblestone":6,"minecraft:oak_planks":5,"minecraft:wall_torch":7,"minecraft:furnace":4,"minecraft:birch_log":6,"minecraft:iron_ore":36,"minecraft:cobbled_deepslate":2,"minecraft:big_dripleaf_stem":1,"minecraft:vine":1,"minecraft:cocoa":2,"minecraft:coal_ore":69,"minecraft:oak_log":2,"minecraft:deepslate_iron_ore":11,"minecraft:rail":1,"minecraft:gravel":8,"minecraft:sand":2,"minecraft:dirt":3,"minecraft:cobweb":2,"minecraft:bamboo":1,"minecraft:stone":54,"minecraft:fern":4,"minecraft:deepslate":20},"minecraft:crafted":{"minecraft:cooked_beef":9,"minecraft:oak_planks":4,"minecraft:crafting_table":2,"minecraft:cooked_chicken":2,"minecraft:wooden_pickaxe":1,"minecraft:iron_sword":1,"minecraft:birch_planks":24,"minecraft:air":0,"minecraft:iron_chestplate":1,"minecraft:stick":32,"minecraft:iron_ingot":43,"minecraft:iron_pickaxe":1,"minecraft:stone_pickaxe":2,"minecraft:iron_leggings":1,"minecraft:torch":96},"minecraft:dropped":{"minecraft:diamond":2},"minecraft:killed":{"minecraft:cave_spider":6,"minecraft:pig":3,"minecraft:spider":1,"minecraft:skeleton":1,"minecraft:zombie":7,"minecraft:chicken":2,"minecraft:enderman":1,"minecraft:cow":2},"minecraft:broken":{"minecraft:stone_pickaxe":1,"minecraft:wooden_pickaxe":1},"minecraft:killed_by":{"minecraft:cave_spider":2,"minecraft:skeleton":1,"minecraft:zombie":7}},"DataVersion":3953}