{"stats":{"minecraft:picked_up":{"minecraft:birch_log":6,"minecraft:stick":1,"minecraft:stone_sword":1,"minecraft:coal":3,"minecraft:dirt":1,"minecraft:cobblestone":28},"minecraft:used":{"minecraft:wooden_pickaxe":33},"minecraft:custom":{"minecraft:time_since_rest":6659,"minecraft:play_time":6659,"minecraft:sprint_one_cm":648,"minecraft:damage_taken":10,"minecraft:walk_one_cm":14115,"minecraft:jump":35,"minecraft:time_since_death":6659,"minecraft:total_world_time":6659,"minecraft:fall_one_cm":898,"minecraft:interact_with_crafting_table":1,"minecraft:fly_one_cm":759},"minecraft:crafted":{"minecraft:birch_planks":24,"minecraft:stick":4,"minecraft:wooden_pickaxe":1},"minecraft:mined":{"minecraft:grass_block":1,"minecraft:coal_ore":3,"minecraft:birch_log":6,"minecraft:stone":29}},"DataVersion":3953}