{"stats":{"minecraft:picked_up":{"minecraft:birch_log":6,"minecraft:crafting_table":2,"minecraft:chicken":2,"minecraft:leather":2,"minecraft:oak_log":2,"minecraft:dirt":2,"minecraft:string":5,"minecraft:bone":2,"minecraft:cobbled_deepslate":16,"minecraft:beef":4,"minecraft:wooden_shovel":1,"minecraft:furnace":2,"minecraft:stick":1,"minecraft:raw_iron":43,"minecraft:torch":20,"minecraft:gravel":8,"minecraft:sand":1,"minecraft:redstone":2,"minecraft:spider_eye":1,"minecraft:stone_sword":1,"minecraft:arrow":2,"minecraft:rotten_flesh":2,"minecraft:diamond":2,"minecraft:coal":108,"minecraft:rail":1,"minecraft:cobblestone":57},"minecraft:used":{"minecraft:stone_sword":93,"minecraft:stone_pickaxe":137,"minecraft:wooden_pickaxe":59,"minecraft:iron_sword":10,"minecraft:rotten_flesh":2,"minecraft:torch":104,"minecraft:dirt":2,"minecraft:rail":1,"minecraft:crafting_table":3,"minecraft:iron_pickaxe":6,"minecraft:gravel":8,"minecraft:cobblestone":22,"minecraft:furnace":2,"minecraft:cooked_beef":7,"minecraft:cobbled_deepslate":14,"minecraft:iron_leggings":1},"minecraft:custom":{"minecraft:interact_with_furnace":18,"minecraft:mob_kills":18,"minecraft:interact_with_crafting_table":8,"minecraft:time_since_death":15895,"minecraft:climb_one_cm":520,"minecraft:time_since_rest":15976,"minecraft:sprint_one_cm":106656,"minecraft:damage_taken":3543,"minecraft:walk_one_cm":197992,"minecraft:drop":2,"minecraft:damage_dealt":2983,"minecraft:fly_one_cm":113031,"minecraft:crouch_one_cm":5011,"minecraft:play_time":66659,"minecraft:deaths":10,"minecraft:sneak_time":2516,"minecraft:walk_under_water_one_cm":1368,"minecraft:jump":771,"minecraft:walk_on_water_one_cm":8293,"minecraft:total_world_time":66659,"minecraft:fall_one_cm":12921},"minecraft:mined":{"minecraft:crafting_table":2,"minecraft:torch":12,"minecraft:short_grass":2,"minecraft:grass_block":1,"minecraft:cobblestone":5,"minecraft:wall_torch":7,"minecraft:furnace":2,"minecraft:birch_log":6,"minecraft:iron_ore":36,"minecraft:cobbled_deepslate":1,"minecraft:coal_ore":69,"minecraft:oak_log":2,"minecraft:deepslate_iron_ore":7,"minecraft:rail":1,"minecraft:gravel":8,"minecraft:sand":1,"minecraft:dirt":3,"minecraft:cobweb":2,"minecraft:stone":54,"minecraft:deepslate":20},"minecraft:crafted":{"minecraft:cooked_beef":9,"minecraft:oak_planks":4,"minecraft:crafting_table":2,"minecraft:wooden_pickaxe":1,"minecraft:iron_sword":1,"minecraft:birch_planks":24,"minecraft:air":0,"minecraft:iron_chestplate":1,"minecraft:stick":32,"minecraft:iron_ingot":43,"minecraft:iron_pickaxe":1,"minecraft:stone_pickaxe":2,"minecraft:iron_leggings":1,"minecraft:torch":84},"minecraft:dropped":{"minecraft:diamond":2},"minecraft:killed":{"minecraft:cave_spider":6,"minecraft:spider":1,"minecraft:skeleton":1,"minecraft:zombie":5,"minecraft:chicken":2,"minecraft:cow":2},"minecraft:broken":{"minecraft:stone_pickaxe":1,"minecraft:wooden_pickaxe":1},"minecraft:killed_by":{"minecraft:cave_spider":2,"minecraft:skeleton":1,"minecraft:zombie":7}},"DataVersion":3953}