{"stats":{"minecraft:picked_up":{"minecraft:birch_log":6,"minecraft:crafting_table":1,"minecraft:chicken":2,"minecraft:leather":2,"minecraft:oak_log":2,"minecraft:dirt":2,"minecraft:string":4,"minecraft:bone":2,"minecraft:cobbled_deepslate":16,"minecraft:beef":4,"minecraft:wooden_shovel":1,"minecraft:furnace":2,"minecraft:stick":1,"minecraft:raw_iron":35,"minecraft:torch":20,"minecraft:gravel":8,"minecraft:sand":1,"minecraft:redstone":2,"minecraft:spider_eye":1,"minecraft:stone_sword":1,"minecraft:arrow":2,"minecraft:rotten_flesh":2,"minecraft:diamond":2,"minecraft:coal":100,"minecraft:rail":1,"minecraft:cobblestone":57},"minecraft:used":{"minecraft:stone_sword":93,"minecraft:stone_pickaxe":125,"minecraft:wooden_pickaxe":59,"minecraft:iron_sword":4,"minecraft:rotten_flesh":2,"minecraft:torch":96,"minecraft:dirt":2,"minecraft:rail":1,"minecraft:crafting_table":2,"minecraft:gravel":8,"minecraft:cobblestone":22,"minecraft:furnace":1,"minecraft:cooked_beef":7,"minecraft:cobbled_deepslate":6,"minecraft:iron_leggings":1},"minecraft:custom":{"minecraft:interact_with_furnace":12,"minecraft:mob_kills":17,"minecraft:interact_with_crafting_table":6,"minecraft:time_since_death":3895,"minecraft:climb_one_cm":520,"minecraft:time_since_rest":3976,"minecraft:sprint_one_cm":101215,"minecraft:damage_taken":3405,"minecraft:walk_one_cm":175060,"minecraft:drop":2,"minecraft:damage_dealt":2723,"minecraft:fly_one_cm":110591,"minecraft:crouch_one_cm":2762,"minecraft:play_time":54659,"minecraft:deaths":10,"minecraft:sneak_time":1490,"minecraft:walk_under_water_one_cm":1368,"minecraft:jump":737,"minecraft:walk_on_water_one_cm":7021,"minecraft:total_world_time":54659,"minecraft:fall_one_cm":12586},"minecraft:mined":{"minecraft:crafting_table":1,"minecraft:torch":12,"minecraft:short_grass":2,"minecraft:grass_block":1,"minecraft:cobblestone":5,"minecraft:wall_torch":7,"minecraft:furnace":2,"minecraft:birch_log":6,"minecraft:iron_ore":29,"minecraft:coal_ore":61,"minecraft:oak_log":2,"minecraft:deepslate_iron_ore":7,"minecraft:rail":1,"minecraft:gravel":8,"minecraft:sand":1,"minecraft:dirt":1,"minecraft:cobweb":1,"minecraft:stone":54,"minecraft:deepslate":20},"minecraft:crafted":{"minecraft:cooked_beef":9,"minecraft:oak_planks":4,"minecraft:crafting_table":2,"minecraft:wooden_pickaxe":1,"minecraft:iron_sword":1,"minecraft:birch_planks":24,"minecraft:air":0,"minecraft:iron_chestplate":1,"minecraft:stick":28,"minecraft:iron_ingot":19,"minecraft:stone_pickaxe":1,"minecraft:iron_leggings":1,"minecraft:torch":84},"minecraft:dropped":{"minecraft:diamond":2},"minecraft:broken":{"minecraft:wooden_pickaxe":1},"minecraft:killed":{"minecraft:cave_spider":6,"minecraft:spider":1,"minecraft:skeleton":1,"minecraft:zombie":4,"minecraft:chicken":2,"minecraft:cow":2},"minecraft:killed_by":{"minecraft:cave_spider":2,"minecraft:skeleton":1,"minecraft:zombie":7}},"DataVersion":3953}