{"stats":{"minecraft:picked_up":{"minecraft:birch_log":6,"minecraft:stick":1,"minecraft:raw_iron":19,"minecraft:chicken":2,"minecraft:leather":2,"minecraft:torch":13,"minecraft:gravel":6,"minecraft:redstone":2,"minecraft:string":1,"minecraft:dirt":2,"minecraft:stone_sword":1,"minecraft:rotten_flesh":2,"minecraft:diamond":2,"minecraft:cobbled_deepslate":16,"minecraft:beef":4,"minecraft:coal":66,"minecraft:cobblestone":43,"minecraft:furnace":1},"minecraft:used":{"minecraft:stone_sword":51,"minecraft:stone_pickaxe":71,"minecraft:wooden_pickaxe":59,"minecraft:gravel":3,"minecraft:rotten_flesh":2,"minecraft:torch":76,"minecraft:dirt":2,"minecraft:cobblestone":22,"minecraft:crafting_table":1,"minecraft:furnace":1,"minecraft:cooked_beef":2},"minecraft:custom":{"minecraft:time_since_rest":14942,"minecraft:interact_with_furnace":12,"minecraft:sprint_one_cm":89317,"minecraft:damage_taken":2374,"minecraft:walk_one_cm":119677,"minecraft:mob_kills":10,"minecraft:drop":2,"minecraft:damage_dealt":1619,"minecraft:interact_with_crafting_table":5,"minecraft:fly_one_cm":105187,"minecraft:crouch_one_cm":1154,"minecraft:play_time":42659,"minecraft:deaths":8,"minecraft:sneak_time":461,"minecraft:walk_under_water_one_cm":237,"minecraft:jump":667,"minecraft:walk_on_water_one_cm":3277,"minecraft:time_since_death":14912,"minecraft:climb_one_cm":520,"minecraft:total_world_time":42659,"minecraft:fall_one_cm":10156},"minecraft:mined":{"minecraft:furnace":1,"minecraft:birch_log":6,"minecraft:iron_ore":12,"minecraft:torch":10,"minecraft:short_grass":2,"minecraft:coal_ore":46,"minecraft:grass_block":1,"minecraft:deepslate_iron_ore":7,"minecraft:gravel":6,"minecraft:dirt":1,"minecraft:cobblestone":2,"minecraft:stone":41,"minecraft:wall_torch":3,"minecraft:deepslate":20},"minecraft:crafted":{"minecraft:cooked_beef":6,"minecraft:iron_chestplate":1,"minecraft:crafting_table":1,"minecraft:stick":28,"minecraft:iron_ingot":19,"minecraft:wooden_pickaxe":1,"minecraft:stone_pickaxe":1,"minecraft:birch_planks":24,"minecraft:torch":84,"minecraft:air":0},"minecraft:dropped":{"minecraft:diamond":2},"minecraft:broken":{"minecraft:wooden_pickaxe":1},"minecraft:killed":{"minecraft:zombie":4,"minecraft:chicken":2,"minecraft:spider":1,"minecraft:cow":2},"minecraft:killed_by":{"minecraft:skeleton":1,"minecraft:zombie":7}},"DataVersion":3953}