{"stats":{"minecraft:picked_up":{"minecraft:birch_log":6,"minecraft:stick":1,"minecraft:raw_iron":18,"minecraft:torch":4,"minecraft:gravel":6,"minecraft:redstone":2,"minecraft:string":1,"minecraft:dirt":2,"minecraft:stone_sword":1,"minecraft:rotten_flesh":2,"minecraft:diamond":2,"minecraft:cobbled_deepslate":16,"minecraft:coal":45,"minecraft:cobblestone":41},"minecraft:used":{"minecraft:stone_sword":42,"minecraft:stone_pickaxe":69,"minecraft:wooden_pickaxe":59,"minecraft:gravel":3,"minecraft:torch":52,"minecraft:dirt":1,"minecraft:cobblestone":15,"minecraft:crafting_table":1},"minecraft:custom":{"minecraft:time_since_rest":2942,"minecraft:sprint_one_cm":56329,"minecraft:damage_taken":2194,"minecraft:walk_one_cm":89309,"minecraft:mob_kills":6,"minecraft:drop":2,"minecraft:damage_dealt":1339,"minecraft:interact_with_crafting_table":3,"minecraft:fly_one_cm":59549,"minecraft:crouch_one_cm":895,"minecraft:play_time":30659,"minecraft:deaths":8,"minecraft:sneak_time":374,"minecraft:walk_under_water_one_cm":237,"minecraft:jump":394,"minecraft:walk_on_water_one_cm":2533,"minecraft:time_since_death":2912,"minecraft:total_world_time":30659,"minecraft:fall_one_cm":6723},"minecraft:crafted":{"minecraft:crafting_table":1,"minecraft:stick":16,"minecraft:wooden_pickaxe":1,"minecraft:stone_pickaxe":1,"minecraft:birch_planks":24,"minecraft:torch":52},"minecraft:mined":{"minecraft:birch_log":6,"minecraft:iron_ore":11,"minecraft:torch":3,"minecraft:coal_ore":46,"minecraft:grass_block":1,"minecraft:deepslate_iron_ore":7,"minecraft:gravel":6,"minecraft:dirt":1,"minecraft:cobblestone":2,"minecraft:stone":41,"minecraft:wall_torch":1,"minecraft:deepslate":20},"minecraft:dropped":{"minecraft:diamond":2},"minecraft:broken":{"minecraft:wooden_pickaxe":1},"minecraft:killed":{"minecraft:zombie":4,"minecraft:spider":1},"minecraft:killed_by":{"minecraft:skeleton":1,"minecraft:zombie":7}},"DataVersion":3953}